id,blocoId,nome,svgPath,posX,posY,andar
1,3,"Ambulatório Central","storage/maps/1770923783653.svg",51.54150885657766,2.631578877056213,1
12,2,"Ala Verde","storage/maps/1771529823541.svg",42.74584230889065,45.5741627890033,2
13,4,"Ambulatório de Ginecologia","storage/maps/1771533419602.svg",59.79311427186529,33.85167594877277,3
14,1,"Ala Azul","storage/maps/1771551744948.svg",37.66793146215822,29.54545579463767,2
17,6,"SAE Infectologia","storage/maps/1771552934238.svg",14.99868520527233,29.54545579463767,2
19,5,"Ambulatório de Traumatologia","storage/maps/1771553193431.svg",30.59512516706921,60.64593027491739,1